student_id,first_name,last_name,gender,date_of_birth,email,city,registration_date
1,Saanvi,Singh,Male,1997-12-14T00:00:00.000Z,saanvi.singh1@example.com,Hyderabad,2022-05-01T00:00:00.000Z
2,Vivaan,Gupta,Female,2003-03-01T00:00:00.000Z,vivaan.gupta2@example.com,Mumbai,2023-06-15T00:00:00.000Z
3,Aditya,Nair,Female,2000-05-10T00:00:00.000Z,aditya.nair3@example.com,Delhi,2024-05-12T00:00:00.000Z
4,Vivaan,Sharma,Male,2005-05-19T00:00:00.000Z,vivaan.sharma4@example.com,Bengaluru,2023-10-07T00:00:00.000Z
5,Anaya,Gupta,Male,1999-04-02T00:00:00.000Z,anaya.gupta5@example.com,Ahmedabad,2022-08-16T00:00:00.000Z
6,Saanvi,Reddy,Female,1996-04-08T00:00:00.000Z,saanvi.reddy6@example.com,Ahmedabad,2023-10-06T00:00:00.000Z
7,Aarav,Singh,Female,1996-09-16T00:00:00.000Z,aarav.singh7@example.com,Ahmedabad,2023-04-17T00:00:00.000Z
8,Vivaan,Verma,Male,2005-11-20T00:00:00.000Z,vivaan.verma8@example.com,Hyderabad,2024-11-07T00:00:00.000Z
9,Aditya,Patel,Female,1998-06-17T00:00:00.000Z,aditya.patel9@example.com,Mumbai,2024-09-03T00:00:00.000Z
10,Ishaan,Verma,Male,1998-09-28T00:00:00.000Z,ishaan.verma10@example.com,Ahmedabad,2022-04-17T00:00:00.000Z
11,Aditya,Kumar,Female,1995-08-04T00:00:00.000Z,aditya.kumar11@example.com,Bengaluru,2022-06-20T00:00:00.000Z
12,Tara,Chopra,Female,2004-10-17T00:00:00.000Z,tara.chopra12@example.com,Ahmedabad,2023-05-07T00:00:00.000Z
13,Aditya,Chopra,Male,2005-04-08T00:00:00.000Z,aditya.chopra13@example.com,Delhi,2022-10-22T00:00:00.000Z
14,Aditya,Sharma,Male,2000-01-30T00:00:00.000Z,aditya.sharma14@example.com,Delhi,2023-04-05T00:00:00.000Z
15,Saanvi,Gupta,Male,2001-10-21T00:00:00.000Z,saanvi.gupta15@example.com,Mumbai,2024-01-16T00:00:00.000Z
16,Diya,Patel,Male,1998-01-31T00:00:00.000Z,diya.patel16@example.com,Hyderabad,2023-11-30T00:00:00.000Z
17,Diya,Reddy,Male,2001-12-17T00:00:00.000Z,diya.reddy17@example.com,Mumbai,2024-11-13T00:00:00.000Z
18,Anaya,Chopra,Female,1997-11-24T00:00:00.000Z,anaya.chopra18@example.com,Bengaluru,2022-04-09T00:00:00.000Z
19,Aarav,Yadav,Male,1998-04-04T00:00:00.000Z,aarav.yadav19@example.com,Pune,2023-02-14T00:00:00.000Z
20,Kabir,Chopra,Female,2000-11-14T00:00:00.000Z,kabir.chopra20@example.com,Delhi,2022-03-15T00:00:00.000Z
21,Aarav,Yadav,Male,2004-05-10T00:00:00.000Z,aarav.yadav21@example.com,Chennai,2024-08-27T00:00:00.000Z
22,Kabir,Kumar,Female,1999-11-13T00:00:00.000Z,kabir.kumar22@example.com,Chennai,2023-06-25T00:00:00.000Z
23,Saanvi,Reddy,Female,1999-07-01T00:00:00.000Z,saanvi.reddy23@example.com,Bengaluru,2023-07-23T00:00:00.000Z
24,Ishaan,Reddy,Female,1995-11-30T00:00:00.000Z,ishaan.reddy24@example.com,Bengaluru,2024-01-05T00:00:00.000Z
25,Aditya,Reddy,Male,2005-03-28T00:00:00.000Z,aditya.reddy25@example.com,Ahmedabad,2022-09-24T00:00:00.000Z
26,Riya,Nair,Male,2000-09-07T00:00:00.000Z,riya.nair26@example.com,Kolkata,2022-03-05T00:00:00.000Z
27,Anaya,Chopra,Female,2003-11-28T00:00:00.000Z,anaya.chopra27@example.com,Bengaluru,2023-11-25T00:00:00.000Z
28,Diya,Verma,Female,2005-02-13T00:00:00.000Z,diya.verma28@example.com,Mumbai,2022-09-07T00:00:00.000Z
29,Aarav,Reddy,Female,1999-10-10T00:00:00.000Z,aarav.reddy29@example.com,Chennai,2023-11-06T00:00:00.000Z
30,Diya,Yadav,Female,2000-08-26T00:00:00.000Z,diya.yadav30@example.com,Mumbai,2022-09-24T00:00:00.000Z
31,Anaya,Patel,Female,2005-12-01T00:00:00.000Z,anaya.patel31@example.com,Mumbai,2022-06-11T00:00:00.000Z
32,Diya,Yadav,Female,1995-03-08T00:00:00.000Z,diya.yadav32@example.com,Bengaluru,2024-06-07T00:00:00.000Z
33,Aditya,Nair,Male,2000-02-15T00:00:00.000Z,aditya.nair33@example.com,Kolkata,2022-09-26T00:00:00.000Z
34,Anaya,Nair,Male,1996-09-06T00:00:00.000Z,anaya.nair34@example.com,Hyderabad,2022-10-10T00:00:00.000Z
35,Saanvi,Gupta,Female,2001-06-24T00:00:00.000Z,saanvi.gupta35@example.com,Chennai,2023-01-12T00:00:00.000Z
36,Diya,Patel,Male,1995-03-27T00:00:00.000Z,diya.patel36@example.com,Pune,2023-07-14T00:00:00.000Z
37,Tara,Reddy,Female,2000-06-17T00:00:00.000Z,tara.reddy37@example.com,Chennai,2022-05-09T00:00:00.000Z
38,Diya,Reddy,Female,2001-05-16T00:00:00.000Z,diya.reddy38@example.com,Kolkata,2024-04-15T00:00:00.000Z
39,Tara,Verma,Male,1998-03-28T00:00:00.000Z,tara.verma39@example.com,Bengaluru,2024-11-18T00:00:00.000Z
40,Diya,Chopra,Male,2000-05-25T00:00:00.000Z,diya.chopra40@example.com,Kolkata,2024-03-12T00:00:00.000Z
41,Aarav,Patel,Female,2005-07-29T00:00:00.000Z,aarav.patel41@example.com,Kolkata,2022-02-26T00:00:00.000Z
42,Riya,Kumar,Male,1997-12-28T00:00:00.000Z,riya.kumar42@example.com,Ahmedabad,2024-08-12T00:00:00.000Z
43,Riya,Nair,Male,1995-03-13T00:00:00.000Z,riya.nair43@example.com,Chennai,2022-04-10T00:00:00.000Z
44,Vivaan,Gupta,Male,1997-07-21T00:00:00.000Z,vivaan.gupta44@example.com,Hyderabad,2024-03-06T00:00:00.000Z
45,Ishaan,Gupta,Male,2003-06-11T00:00:00.000Z,ishaan.gupta45@example.com,Kolkata,2023-07-07T00:00:00.000Z
46,Ishaan,Yadav,Female,2004-12-13T00:00:00.000Z,ishaan.yadav46@example.com,Hyderabad,2024-05-05T00:00:00.000Z
47,Diya,Reddy,Female,2001-09-15T00:00:00.000Z,diya.reddy47@example.com,Chennai,2022-01-17T00:00:00.000Z
48,Vivaan,Reddy,Male,2003-02-14T00:00:00.000Z,vivaan.reddy48@example.com,Chennai,2024-04-30T00:00:00.000Z
49,Vivaan,Reddy,Female,2004-03-31T00:00:00.000Z,vivaan.reddy49@example.com,Mumbai,2023-10-22T00:00:00.000Z
50,Kabir,Kumar,Female,2004-02-20T00:00:00.000Z,kabir.kumar50@example.com,Pune,2022-04-09T00:00:00.000Z
51,Kabir,Kumar,Female,2000-10-02T00:00:00.000Z,kabir.kumar51@example.com,Ahmedabad,2023-10-18T00:00:00.000Z
52,Tara,Patel,Female,2005-03-20T00:00:00.000Z,tara.patel52@example.com,Hyderabad,2023-09-11T00:00:00.000Z
53,Vivaan,Reddy,Male,1996-02-06T00:00:00.000Z,vivaan.reddy53@example.com,Pune,2024-12-27T00:00:00.000Z
54,Riya,Singh,Female,1999-08-22T00:00:00.000Z,riya.singh54@example.com,Mumbai,2024-05-24T00:00:00.000Z
55,Saanvi,Sharma,Male,2000-09-01T00:00:00.000Z,saanvi.sharma55@example.com,Bengaluru,2023-01-17T00:00:00.000Z
56,Kabir,Gupta,Female,1996-02-17T00:00:00.000Z,kabir.gupta56@example.com,Hyderabad,2024-09-28T00:00:00.000Z
57,Vivaan,Singh,Female,1999-01-23T00:00:00.000Z,vivaan.singh57@example.com,Kolkata,2022-01-07T00:00:00.000Z
58,Diya,Verma,Male,1999-08-09T00:00:00.000Z,diya.verma58@example.com,Mumbai,2023-08-22T00:00:00.000Z
59,Saanvi,Gupta,Female,2000-02-25T00:00:00.000Z,saanvi.gupta59@example.com,Chennai,2023-05-24T00:00:00.000Z
60,Saanvi,Singh,Female,1996-03-22T00:00:00.000Z,saanvi.singh60@example.com,Bengaluru,2023-05-30T00:00:00.000Z
61,Aditya,Verma,Female,2005-08-11T00:00:00.000Z,aditya.verma61@example.com,Bengaluru,2024-02-26T00:00:00.000Z
62,Diya,Chopra,Female,1998-09-29T00:00:00.000Z,diya.chopra62@example.com,Mumbai,2023-11-29T00:00:00.000Z
63,Saanvi,Yadav,Female,2004-02-01T00:00:00.000Z,saanvi.yadav63@example.com,Bengaluru,2023-10-15T00:00:00.000Z
64,Saanvi,Reddy,Female,2001-07-11T00:00:00.000Z,saanvi.reddy64@example.com,Mumbai,2024-06-10T00:00:00.000Z
65,Diya,Sharma,Male,1999-02-02T00:00:00.000Z,diya.sharma65@example.com,Bengaluru,2024-10-14T00:00:00.000Z
66,Saanvi,Kumar,Male,2002-08-29T00:00:00.000Z,saanvi.kumar66@example.com,Chennai,2022-03-03T00:00:00.000Z
67,Anaya,Sharma,Female,2004-07-29T00:00:00.000Z,anaya.sharma67@example.com,Ahmedabad,2022-04-19T00:00:00.000Z
68,Aarav,Patel,Male,1997-07-17T00:00:00.000Z,aarav.patel68@example.com,Hyderabad,2022-02-12T00:00:00.000Z
69,Aditya,Singh,Female,1997-06-16T00:00:00.000Z,aditya.singh69@example.com,Ahmedabad,2024-07-24T00:00:00.000Z
70,Vivaan,Nair,Male,2000-01-04T00:00:00.000Z,vivaan.nair70@example.com,Chennai,2022-04-27T00:00:00.000Z
71,Aditya,Yadav,Male,2005-09-08T00:00:00.000Z,aditya.yadav71@example.com,Pune,2024-06-28T00:00:00.000Z
72,Aditya,Patel,Female,1999-04-06T00:00:00.000Z,aditya.patel72@example.com,Bengaluru,2023-12-05T00:00:00.000Z
73,Diya,Nair,Female,1996-11-18T00:00:00.000Z,diya.nair73@example.com,Bengaluru,2022-03-13T00:00:00.000Z
74,Diya,Yadav,Male,1999-08-09T00:00:00.000Z,diya.yadav74@example.com,Bengaluru,2022-04-30T00:00:00.000Z
75,Kabir,Reddy,Male,2002-02-20T00:00:00.000Z,kabir.reddy75@example.com,Hyderabad,2024-05-14T00:00:00.000Z
76,Saanvi,Singh,Male,1996-04-30T00:00:00.000Z,saanvi.singh76@example.com,Hyderabad,2023-11-19T00:00:00.000Z
77,Anaya,Kumar,Male,2001-11-08T00:00:00.000Z,anaya.kumar77@example.com,Kolkata,2024-07-14T00:00:00.000Z
78,Riya,Reddy,Male,2003-06-24T00:00:00.000Z,riya.reddy78@example.com,Bengaluru,2022-12-13T00:00:00.000Z
79,Tara,Verma,Male,2000-08-19T00:00:00.000Z,tara.verma79@example.com,Kolkata,2023-03-27T00:00:00.000Z
80,Vivaan,Reddy,Male,1996-07-04T00:00:00.000Z,vivaan.reddy80@example.com,Bengaluru,2022-10-01T00:00:00.000Z
81,Aarav,Kumar,Male,1998-08-13T00:00:00.000Z,aarav.kumar81@example.com,Chennai,2022-04-13T00:00:00.000Z
82,Saanvi,Yadav,Female,2000-01-18T00:00:00.000Z,saanvi.yadav82@example.com,Ahmedabad,2023-05-06T00:00:00.000Z
83,Diya,Chopra,Male,2001-10-25T00:00:00.000Z,diya.chopra83@example.com,Kolkata,2024-10-31T00:00:00.000Z
84,Vivaan,Gupta,Male,2005-01-02T00:00:00.000Z,vivaan.gupta84@example.com,Hyderabad,2022-04-21T00:00:00.000Z
85,Riya,Sharma,Male,2000-03-02T00:00:00.000Z,riya.sharma85@example.com,Chennai,2022-05-10T00:00:00.000Z
86,Ishaan,Patel,Female,1995-01-10T00:00:00.000Z,ishaan.patel86@example.com,Kolkata,2024-05-24T00:00:00.000Z
87,Anaya,Sharma,Female,1998-09-15T00:00:00.000Z,anaya.sharma87@example.com,Delhi,2023-11-13T00:00:00.000Z
88,Aarav,Verma,Female,1996-03-30T00:00:00.000Z,aarav.verma88@example.com,Hyderabad,2024-03-15T00:00:00.000Z
89,Aarav,Patel,Male,2005-12-11T00:00:00.000Z,aarav.patel89@example.com,Hyderabad,2022-07-04T00:00:00.000Z
90,Ishaan,Singh,Female,1999-08-06T00:00:00.000Z,ishaan.singh90@example.com,Kolkata,2023-07-13T00:00:00.000Z
91,Aarav,Kumar,Male,2004-03-19T00:00:00.000Z,aarav.kumar91@example.com,Chennai,2024-04-20T00:00:00.000Z
92,Riya,Gupta,Female,1997-10-22T00:00:00.000Z,riya.gupta92@example.com,Chennai,2022-12-09T00:00:00.000Z
93,Saanvi,Chopra,Male,2003-08-18T00:00:00.000Z,saanvi.chopra93@example.com,Bengaluru,2024-01-07T00:00:00.000Z
94,Aditya,Patel,Female,2001-03-07T00:00:00.000Z,aditya.patel94@example.com,Mumbai,2022-12-02T00:00:00.000Z
95,Anaya,Nair,Female,2001-03-27T00:00:00.000Z,anaya.nair95@example.com,Kolkata,2023-01-15T00:00:00.000Z
96,Vivaan,Nair,Female,1997-03-11T00:00:00.000Z,vivaan.nair96@example.com,Hyderabad,2023-11-30T00:00:00.000Z
97,Diya,Gupta,Female,2003-04-04T00:00:00.000Z,diya.gupta97@example.com,Ahmedabad,2024-12-30T00:00:00.000Z
98,Tara,Kumar,Male,1995-02-07T00:00:00.000Z,tara.kumar98@example.com,Mumbai,2022-07-05T00:00:00.000Z
99,Ishaan,Patel,Male,2005-06-30T00:00:00.000Z,ishaan.patel99@example.com,Chennai,2022-04-24T00:00:00.000Z
100,Aditya,Kumar,Male,2001-06-17T00:00:00.000Z,aditya.kumar100@example.com,Hyderabad,2023-09-30T00:00:00.000Z
101,Aarav,Sharma,Female,2005-11-24T00:00:00.000Z,aarav.sharma101@example.com,Mumbai,2022-06-05T00:00:00.000Z
102,Anaya,Reddy,Female,2005-12-19T00:00:00.000Z,anaya.reddy102@example.com,Hyderabad,2023-08-19T00:00:00.000Z
103,Anaya,Sharma,Female,2001-12-25T00:00:00.000Z,anaya.sharma103@example.com,Pune,2023-10-16T00:00:00.000Z
104,Anaya,Patel,Male,1999-05-12T00:00:00.000Z,anaya.patel104@example.com,Bengaluru,2022-10-02T00:00:00.000Z
105,Tara,Patel,Male,1995-09-21T00:00:00.000Z,tara.patel105@example.com,Hyderabad,2022-05-16T00:00:00.000Z
106,Ishaan,Nair,Male,2005-09-09T00:00:00.000Z,ishaan.nair106@example.com,Ahmedabad,2023-02-28T00:00:00.000Z
107,Ishaan,Singh,Female,2005-05-14T00:00:00.000Z,ishaan.singh107@example.com,Delhi,2023-07-05T00:00:00.000Z
108,Kabir,Sharma,Female,2000-02-25T00:00:00.000Z,kabir.sharma108@example.com,Kolkata,2023-05-17T00:00:00.000Z
109,Diya,Reddy,Male,1998-02-25T00:00:00.000Z,diya.reddy109@example.com,Ahmedabad,2023-02-10T00:00:00.000Z
110,Aarav,Sharma,Male,2003-01-29T00:00:00.000Z,aarav.sharma110@example.com,Hyderabad,2022-10-15T00:00:00.000Z
111,Aditya,Gupta,Female,2000-01-25T00:00:00.000Z,aditya.gupta111@example.com,Bengaluru,2024-01-13T00:00:00.000Z
112,Tara,Singh,Male,2005-06-25T00:00:00.000Z,tara.singh112@example.com,Pune,2022-07-16T00:00:00.000Z
113,Kabir,Gupta,Male,2004-08-12T00:00:00.000Z,kabir.gupta113@example.com,Hyderabad,2024-02-01T00:00:00.000Z
114,Riya,Singh,Female,1997-05-23T00:00:00.000Z,riya.singh114@example.com,Mumbai,2024-02-14T00:00:00.000Z
115,Kabir,Singh,Female,1998-12-19T00:00:00.000Z,kabir.singh115@example.com,Kolkata,2022-08-22T00:00:00.000Z
116,Aditya,Verma,Male,2004-09-19T00:00:00.000Z,aditya.verma116@example.com,Hyderabad,2024-10-25T00:00:00.000Z
117,Ishaan,Nair,Male,1997-11-09T00:00:00.000Z,ishaan.nair117@example.com,Pune,2024-06-01T00:00:00.000Z
118,Riya,Reddy,Female,1998-04-23T00:00:00.000Z,riya.reddy118@example.com,Mumbai,2024-02-22T00:00:00.000Z
119,Saanvi,Sharma,Male,1998-04-28T00:00:00.000Z,saanvi.sharma119@example.com,Chennai,2023-11-19T00:00:00.000Z
120,Diya,Gupta,Male,2002-01-06T00:00:00.000Z,diya.gupta120@example.com,Pune,2024-03-21T00:00:00.000Z
121,Aarav,Singh,Female,1999-12-20T00:00:00.000Z,aarav.singh121@example.com,Ahmedabad,2024-10-17T00:00:00.000Z
122,Kabir,Chopra,Female,1999-04-24T00:00:00.000Z,kabir.chopra122@example.com,Ahmedabad,2023-04-25T00:00:00.000Z
123,Kabir,Kumar,Male,2002-08-08T00:00:00.000Z,kabir.kumar123@example.com,Ahmedabad,2022-11-11T00:00:00.000Z
124,Aarav,Verma,Female,2000-02-25T00:00:00.000Z,aarav.verma124@example.com,Chennai,2024-04-25T00:00:00.000Z
125,Tara,Sharma,Male,2001-11-10T00:00:00.000Z,tara.sharma125@example.com,Hyderabad,2023-08-03T00:00:00.000Z
126,Saanvi,Singh,Male,1996-12-07T00:00:00.000Z,saanvi.singh126@example.com,Kolkata,2022-12-28T00:00:00.000Z
127,Ishaan,Chopra,Female,1995-12-13T00:00:00.000Z,ishaan.chopra127@example.com,Bengaluru,2024-05-11T00:00:00.000Z
128,Anaya,Singh,Female,2002-12-07T00:00:00.000Z,anaya.singh128@example.com,Hyderabad,2022-02-08T00:00:00.000Z
129,Saanvi,Singh,Male,2003-01-16T00:00:00.000Z,saanvi.singh129@example.com,Delhi,2022-05-19T00:00:00.000Z
130,Saanvi,Chopra,Male,1997-01-03T00:00:00.000Z,saanvi.chopra130@example.com,Pune,2023-10-20T00:00:00.000Z
131,Aarav,Sharma,Male,2000-02-20T00:00:00.000Z,aarav.sharma131@example.com,Bengaluru,2023-02-25T00:00:00.000Z
132,Ishaan,Reddy,Male,2005-03-27T00:00:00.000Z,ishaan.reddy132@example.com,Kolkata,2022-03-28T00:00:00.000Z
133,Vivaan,Patel,Male,1998-09-18T00:00:00.000Z,vivaan.patel133@example.com,Pune,2023-06-20T00:00:00.000Z
134,Saanvi,Reddy,Female,1997-09-03T00:00:00.000Z,saanvi.reddy134@example.com,Mumbai,2024-11-05T00:00:00.000Z
135,Saanvi,Gupta,Female,1998-05-12T00:00:00.000Z,saanvi.gupta135@example.com,Kolkata,2023-05-02T00:00:00.000Z
136,Anaya,Patel,Female,2002-08-26T00:00:00.000Z,anaya.patel136@example.com,Kolkata,2024-09-19T00:00:00.000Z
137,Diya,Verma,Male,2005-09-10T00:00:00.000Z,diya.verma137@example.com,Bengaluru,2024-03-02T00:00:00.000Z
138,Diya,Nair,Male,1996-01-08T00:00:00.000Z,diya.nair138@example.com,Delhi,2024-10-02T00:00:00.000Z
139,Aditya,Gupta,Female,1995-04-13T00:00:00.000Z,aditya.gupta139@example.com,Hyderabad,2022-03-15T00:00:00.000Z
140,Diya,Chopra,Female,2004-12-08T00:00:00.000Z,diya.chopra140@example.com,Mumbai,2022-03-26T00:00:00.000Z
141,Kabir,Reddy,Male,2000-03-10T00:00:00.000Z,kabir.reddy141@example.com,Ahmedabad,2022-02-02T00:00:00.000Z
142,Aditya,Sharma,Female,2005-08-11T00:00:00.000Z,aditya.sharma142@example.com,Ahmedabad,2022-01-03T00:00:00.000Z
143,Kabir,Verma,Female,1999-08-31T00:00:00.000Z,kabir.verma143@example.com,Mumbai,2022-07-22T00:00:00.000Z
144,Riya,Yadav,Male,2002-05-02T00:00:00.000Z,riya.yadav144@example.com,Hyderabad,2023-04-20T00:00:00.000Z
145,Aditya,Kumar,Male,1996-01-17T00:00:00.000Z,aditya.kumar145@example.com,Bengaluru,2023-12-30T00:00:00.000Z
146,Tara,Yadav,Female,2004-06-06T00:00:00.000Z,tara.yadav146@example.com,Bengaluru,2022-10-31T00:00:00.000Z
147,Aditya,Nair,Male,1995-02-13T00:00:00.000Z,aditya.nair147@example.com,Bengaluru,2024-06-19T00:00:00.000Z
148,Tara,Patel,Female,2000-03-11T00:00:00.000Z,tara.patel148@example.com,Mumbai,2022-12-04T00:00:00.000Z
149,Diya,Yadav,Female,1996-10-20T00:00:00.000Z,diya.yadav149@example.com,Kolkata,2023-01-18T00:00:00.000Z
150,Kabir,Kumar,Male,2001-11-21T00:00:00.000Z,kabir.kumar150@example.com,Mumbai,2022-04-04T00:00:00.000Z
151,Anaya,Singh,Female,1995-04-17T00:00:00.000Z,anaya.singh151@example.com,Bengaluru,2024-09-01T00:00:00.000Z
152,Riya,Sharma,Female,2005-09-10T00:00:00.000Z,riya.sharma152@example.com,Hyderabad,2023-05-13T00:00:00.000Z
153,Diya,Verma,Male,1998-01-23T00:00:00.000Z,diya.verma153@example.com,Bengaluru,2022-08-11T00:00:00.000Z
154,Aarav,Nair,Female,1998-10-29T00:00:00.000Z,aarav.nair154@example.com,Bengaluru,2024-10-08T00:00:00.000Z
155,Tara,Singh,Male,2005-12-29T00:00:00.000Z,tara.singh155@example.com,Pune,2023-08-14T00:00:00.000Z
156,Aarav,Kumar,Male,1997-09-03T00:00:00.000Z,aarav.kumar156@example.com,Delhi,2024-12-03T00:00:00.000Z
157,Riya,Kumar,Male,1995-11-19T00:00:00.000Z,riya.kumar157@example.com,Hyderabad,2024-08-01T00:00:00.000Z
158,Ishaan,Patel,Female,2005-02-17T00:00:00.000Z,ishaan.patel158@example.com,Hyderabad,2023-08-14T00:00:00.000Z
159,Riya,Nair,Female,2003-12-24T00:00:00.000Z,riya.nair159@example.com,Pune,2024-05-26T00:00:00.000Z
160,Tara,Nair,Male,1998-05-28T00:00:00.000Z,tara.nair160@example.com,Chennai,2024-03-24T00:00:00.000Z
161,Tara,Nair,Female,1998-09-06T00:00:00.000Z,tara.nair161@example.com,Ahmedabad,2023-01-29T00:00:00.000Z
162,Riya,Sharma,Female,2000-08-24T00:00:00.000Z,riya.sharma162@example.com,Chennai,2022-01-10T00:00:00.000Z
163,Riya,Chopra,Male,2004-08-26T00:00:00.000Z,riya.chopra163@example.com,Mumbai,2022-05-25T00:00:00.000Z
164,Vivaan,Verma,Female,1996-07-27T00:00:00.000Z,vivaan.verma164@example.com,Chennai,2023-08-21T00:00:00.000Z
165,Aditya,Kumar,Female,1997-10-08T00:00:00.000Z,aditya.kumar165@example.com,Mumbai,2023-02-20T00:00:00.000Z
166,Saanvi,Singh,Female,1995-07-15T00:00:00.000Z,saanvi.singh166@example.com,Delhi,2023-05-21T00:00:00.000Z
167,Aarav,Verma,Male,1999-09-10T00:00:00.000Z,aarav.verma167@example.com,Ahmedabad,2024-10-15T00:00:00.000Z
168,Aarav,Singh,Female,2001-09-04T00:00:00.000Z,aarav.singh168@example.com,Pune,2022-08-21T00:00:00.000Z
169,Kabir,Yadav,Female,2000-08-28T00:00:00.000Z,kabir.yadav169@example.com,Ahmedabad,2022-10-29T00:00:00.000Z
170,Aditya,Verma,Male,2003-08-02T00:00:00.000Z,aditya.verma170@example.com,Chennai,2024-05-25T00:00:00.000Z
171,Tara,Singh,Female,1999-07-13T00:00:00.000Z,tara.singh171@example.com,Kolkata,2024-05-22T00:00:00.000Z
172,Kabir,Yadav,Male,1997-04-10T00:00:00.000Z,kabir.yadav172@example.com,Kolkata,2024-09-03T00:00:00.000Z
173,Kabir,Gupta,Female,2004-07-20T00:00:00.000Z,kabir.gupta173@example.com,Mumbai,2024-09-29T00:00:00.000Z
174,Aarav,Verma,Female,1996-06-14T00:00:00.000Z,aarav.verma174@example.com,Ahmedabad,2023-07-20T00:00:00.000Z
175,Ishaan,Chopra,Female,1995-09-16T00:00:00.000Z,ishaan.chopra175@example.com,Mumbai,2023-02-15T00:00:00.000Z
176,Vivaan,Yadav,Male,2004-10-26T00:00:00.000Z,vivaan.yadav176@example.com,Kolkata,2024-04-27T00:00:00.000Z
177,Vivaan,Reddy,Female,2003-02-23T00:00:00.000Z,vivaan.reddy177@example.com,Ahmedabad,2024-04-25T00:00:00.000Z
178,Tara,Verma,Male,2000-10-08T00:00:00.000Z,tara.verma178@example.com,Ahmedabad,2024-08-21T00:00:00.000Z
179,Aditya,Singh,Female,2000-06-24T00:00:00.000Z,aditya.singh179@example.com,Chennai,2024-07-02T00:00:00.000Z
180,Aditya,Yadav,Female,2004-02-03T00:00:00.000Z,aditya.yadav180@example.com,Kolkata,2022-10-18T00:00:00.000Z
181,Anaya,Patel,Male,1996-02-27T00:00:00.000Z,anaya.patel181@example.com,Hyderabad,2022-01-05T00:00:00.000Z
182,Aarav,Sharma,Female,2001-03-09T00:00:00.000Z,aarav.sharma182@example.com,Kolkata,2023-03-27T00:00:00.000Z
183,Tara,Nair,Male,2005-07-04T00:00:00.000Z,tara.nair183@example.com,Pune,2023-12-18T00:00:00.000Z
184,Riya,Chopra,Female,1997-10-05T00:00:00.000Z,riya.chopra184@example.com,Kolkata,2023-08-27T00:00:00.000Z
185,Riya,Patel,Female,2004-11-27T00:00:00.000Z,riya.patel185@example.com,Pune,2024-02-20T00:00:00.000Z
186,Vivaan,Nair,Male,2002-02-16T00:00:00.000Z,vivaan.nair186@example.com,Kolkata,2024-08-19T00:00:00.000Z
187,Aarav,Sharma,Female,2002-08-30T00:00:00.000Z,aarav.sharma187@example.com,Delhi,2023-05-09T00:00:00.000Z
188,Tara,Chopra,Male,1997-04-22T00:00:00.000Z,tara.chopra188@example.com,Delhi,2023-02-24T00:00:00.000Z
189,Kabir,Verma,Male,1999-01-22T00:00:00.000Z,kabir.verma189@example.com,Hyderabad,2023-01-25T00:00:00.000Z
190,Tara,Nair,Male,1999-05-28T00:00:00.000Z,tara.nair190@example.com,Mumbai,2023-02-12T00:00:00.000Z
191,Anaya,Yadav,Male,2002-01-18T00:00:00.000Z,anaya.yadav191@example.com,Ahmedabad,2024-09-13T00:00:00.000Z
192,Vivaan,Chopra,Female,1997-03-02T00:00:00.000Z,vivaan.chopra192@example.com,Delhi,2022-04-25T00:00:00.000Z
193,Riya,Patel,Male,2003-09-13T00:00:00.000Z,riya.patel193@example.com,Hyderabad,2022-12-25T00:00:00.000Z
194,Saanvi,Nair,Male,1995-07-25T00:00:00.000Z,saanvi.nair194@example.com,Ahmedabad,2024-12-12T00:00:00.000Z
195,Ishaan,Gupta,Female,2001-08-29T00:00:00.000Z,ishaan.gupta195@example.com,Delhi,2023-07-22T00:00:00.000Z
196,Riya,Nair,Male,2000-11-15T00:00:00.000Z,riya.nair196@example.com,Chennai,2023-12-20T00:00:00.000Z
197,Kabir,Sharma,Male,2001-10-10T00:00:00.000Z,kabir.sharma197@example.com,Pune,2024-01-08T00:00:00.000Z
198,Riya,Patel,Male,1999-03-19T00:00:00.000Z,riya.patel198@example.com,Kolkata,2024-01-23T00:00:00.000Z
199,Riya,Yadav,Male,2004-08-18T00:00:00.000Z,riya.yadav199@example.com,Hyderabad,2022-10-27T00:00:00.000Z
200,Aarav,Kumar,Female,2004-08-09T00:00:00.000Z,aarav.kumar200@example.com,Mumbai,2022-09-21T00:00:00.000Z
201,Aarav,Patel,Female,1997-10-19T00:00:00.000Z,aarav.patel201@example.com,Chennai,2022-11-30T00:00:00.000Z
202,Riya,Chopra,Female,1997-03-14T00:00:00.000Z,riya.chopra202@example.com,Kolkata,2023-08-04T00:00:00.000Z
203,Aditya,Kumar,Male,2000-04-28T00:00:00.000Z,aditya.kumar203@example.com,Hyderabad,2023-02-05T00:00:00.000Z
204,Diya,Nair,Male,2004-11-17T00:00:00.000Z,diya.nair204@example.com,Mumbai,2022-07-05T00:00:00.000Z
205,Saanvi,Chopra,Male,1997-07-22T00:00:00.000Z,saanvi.chopra205@example.com,Chennai,2022-07-27T00:00:00.000Z
206,Vivaan,Nair,Male,2000-06-21T00:00:00.000Z,vivaan.nair206@example.com,Mumbai,2024-04-11T00:00:00.000Z
207,Aditya,Patel,Female,1999-09-28T00:00:00.000Z,aditya.patel207@example.com,Kolkata,2024-09-08T00:00:00.000Z
208,Riya,Chopra,Female,2001-01-10T00:00:00.000Z,riya.chopra208@example.com,Chennai,2023-02-06T00:00:00.000Z
209,Tara,Gupta,Male,2004-09-22T00:00:00.000Z,tara.gupta209@example.com,Kolkata,2024-12-27T00:00:00.000Z
210,Ishaan,Sharma,Female,1997-07-21T00:00:00.000Z,ishaan.sharma210@example.com,Mumbai,2023-01-21T00:00:00.000Z
211,Aarav,Kumar,Male,1999-03-30T00:00:00.000Z,aarav.kumar211@example.com,Chennai,2024-07-20T00:00:00.000Z
212,Vivaan,Sharma,Female,1999-10-15T00:00:00.000Z,vivaan.sharma212@example.com,Ahmedabad,2023-12-31T00:00:00.000Z
213,Anaya,Kumar,Female,2005-08-14T00:00:00.000Z,anaya.kumar213@example.com,Ahmedabad,2024-03-31T00:00:00.000Z
214,Vivaan,Kumar,Male,2000-10-28T00:00:00.000Z,vivaan.kumar214@example.com,Delhi,2022-09-05T00:00:00.000Z
215,Tara,Verma,Female,1996-04-14T00:00:00.000Z,tara.verma215@example.com,Hyderabad,2022-10-02T00:00:00.000Z
216,Diya,Yadav,Female,2004-03-02T00:00:00.000Z,diya.yadav216@example.com,Mumbai,2024-02-14T00:00:00.000Z
217,Aditya,Kumar,Female,1995-11-14T00:00:00.000Z,aditya.kumar217@example.com,Chennai,2024-03-30T00:00:00.000Z
218,Vivaan,Reddy,Male,1995-01-13T00:00:00.000Z,vivaan.reddy218@example.com,Chennai,2023-11-04T00:00:00.000Z
219,Diya,Gupta,Male,1999-09-25T00:00:00.000Z,diya.gupta219@example.com,Hyderabad,2023-11-05T00:00:00.000Z
220,Tara,Nair,Male,1996-06-15T00:00:00.000Z,tara.nair220@example.com,Bengaluru,2024-03-10T00:00:00.000Z
221,Aarav,Chopra,Female,2000-05-26T00:00:00.000Z,aarav.chopra221@example.com,Pune,2024-12-19T00:00:00.000Z
222,Vivaan,Patel,Male,1996-06-20T00:00:00.000Z,vivaan.patel222@example.com,Kolkata,2023-01-28T00:00:00.000Z
223,Ishaan,Gupta,Female,1996-07-25T00:00:00.000Z,ishaan.gupta223@example.com,Pune,2024-12-29T00:00:00.000Z
224,Saanvi,Yadav,Female,1996-11-24T00:00:00.000Z,saanvi.yadav224@example.com,Kolkata,2022-06-25T00:00:00.000Z
225,Aarav,Reddy,Female,1996-05-12T00:00:00.000Z,aarav.reddy225@example.com,Ahmedabad,2022-05-14T00:00:00.000Z
226,Ishaan,Reddy,Male,2001-01-02T00:00:00.000Z,ishaan.reddy226@example.com,Delhi,2024-12-08T00:00:00.000Z
227,Ishaan,Singh,Male,2005-03-23T00:00:00.000Z,ishaan.singh227@example.com,Chennai,2024-09-11T00:00:00.000Z
228,Ishaan,Kumar,Female,1997-12-14T00:00:00.000Z,ishaan.kumar228@example.com,Bengaluru,2022-08-29T00:00:00.000Z
229,Riya,Kumar,Male,1996-03-31T00:00:00.000Z,riya.kumar229@example.com,Ahmedabad,2022-04-05T00:00:00.000Z
230,Aarav,Kumar,Female,2003-12-04T00:00:00.000Z,aarav.kumar230@example.com,Pune,2023-03-25T00:00:00.000Z
231,Vivaan,Yadav,Male,1995-07-13T00:00:00.000Z,vivaan.yadav231@example.com,Chennai,2023-06-04T00:00:00.000Z
232,Ishaan,Verma,Female,2003-09-13T00:00:00.000Z,ishaan.verma232@example.com,Bengaluru,2024-11-25T00:00:00.000Z
233,Aditya,Chopra,Male,1996-03-05T00:00:00.000Z,aditya.chopra233@example.com,Delhi,2023-03-03T00:00:00.000Z
234,Riya,Chopra,Male,1995-10-20T00:00:00.000Z,riya.chopra234@example.com,Delhi,2022-07-31T00:00:00.000Z
235,Riya,Sharma,Female,1995-05-18T00:00:00.000Z,riya.sharma235@example.com,Delhi,2022-03-22T00:00:00.000Z
236,Vivaan,Sharma,Male,2001-04-14T00:00:00.000Z,vivaan.sharma236@example.com,Hyderabad,2023-02-04T00:00:00.000Z
237,Anaya,Patel,Female,2000-11-14T00:00:00.000Z,anaya.patel237@example.com,Kolkata,2023-10-27T00:00:00.000Z
238,Aarav,Kumar,Female,1995-03-13T00:00:00.000Z,aarav.kumar238@example.com,Delhi,2024-02-20T00:00:00.000Z
239,Aarav,Patel,Female,1995-07-17T00:00:00.000Z,aarav.patel239@example.com,Kolkata,2024-09-22T00:00:00.000Z
240,Anaya,Singh,Female,1999-08-05T00:00:00.000Z,anaya.singh240@example.com,Bengaluru,2023-09-21T00:00:00.000Z
241,Diya,Patel,Female,2005-08-03T00:00:00.000Z,diya.patel241@example.com,Hyderabad,2024-04-17T00:00:00.000Z
242,Tara,Sharma,Female,2004-03-18T00:00:00.000Z,tara.sharma242@example.com,Mumbai,2022-09-21T00:00:00.000Z
243,Anaya,Reddy,Female,1995-07-19T00:00:00.000Z,anaya.reddy243@example.com,Chennai,2022-08-24T00:00:00.000Z
244,Aditya,Sharma,Male,2005-01-06T00:00:00.000Z,aditya.sharma244@example.com,Delhi,2022-10-30T00:00:00.000Z
245,Saanvi,Singh,Male,2004-11-23T00:00:00.000Z,saanvi.singh245@example.com,Hyderabad,2024-10-23T00:00:00.000Z
246,Saanvi,Patel,Male,2003-05-28T00:00:00.000Z,saanvi.patel246@example.com,Hyderabad,2023-01-20T00:00:00.000Z
247,Kabir,Kumar,Male,1997-05-13T00:00:00.000Z,kabir.kumar247@example.com,Chennai,2023-07-28T00:00:00.000Z
248,Tara,Verma,Male,2002-10-03T00:00:00.000Z,tara.verma248@example.com,Hyderabad,2024-11-24T00:00:00.000Z
249,Tara,Patel,Male,2000-07-28T00:00:00.000Z,tara.patel249@example.com,Bengaluru,2022-04-07T00:00:00.000Z
250,Tara,Yadav,Male,2004-05-28T00:00:00.000Z,tara.yadav250@example.com,Mumbai,2022-02-26T00:00:00.000Z
251,Riya,Gupta,Female,2003-11-11T00:00:00.000Z,riya.gupta251@example.com,Delhi,2023-01-17T00:00:00.000Z
252,Saanvi,Gupta,Male,1997-01-27T00:00:00.000Z,saanvi.gupta252@example.com,Hyderabad,2023-12-03T00:00:00.000Z
253,Ishaan,Verma,Female,1996-04-24T00:00:00.000Z,ishaan.verma253@example.com,Bengaluru,2023-11-09T00:00:00.000Z
254,Aarav,Sharma,Female,1996-07-23T00:00:00.000Z,aarav.sharma254@example.com,Ahmedabad,2022-01-16T00:00:00.000Z
255,Anaya,Nair,Male,2002-04-29T00:00:00.000Z,anaya.nair255@example.com,Ahmedabad,2023-08-01T00:00:00.000Z
256,Kabir,Sharma,Male,1995-10-09T00:00:00.000Z,kabir.sharma256@example.com,Pune,2024-01-14T00:00:00.000Z
257,Vivaan,Reddy,Male,2004-02-05T00:00:00.000Z,vivaan.reddy257@example.com,Mumbai,2024-02-09T00:00:00.000Z
258,Ishaan,Patel,Female,2000-09-19T00:00:00.000Z,ishaan.patel258@example.com,Chennai,2022-07-14T00:00:00.000Z
259,Riya,Kumar,Female,1998-09-08T00:00:00.000Z,riya.kumar259@example.com,Mumbai,2022-04-17T00:00:00.000Z
260,Diya,Reddy,Male,1996-01-23T00:00:00.000Z,diya.reddy260@example.com,Chennai,2024-03-18T00:00:00.000Z
261,Ishaan,Yadav,Male,2005-05-23T00:00:00.000Z,ishaan.yadav261@example.com,Bengaluru,2023-03-29T00:00:00.000Z
262,Aditya,Sharma,Female,2000-11-20T00:00:00.000Z,aditya.sharma262@example.com,Delhi,2024-10-01T00:00:00.000Z
263,Ishaan,Sharma,Male,1998-09-10T00:00:00.000Z,ishaan.sharma263@example.com,Pune,2022-05-14T00:00:00.000Z
264,Kabir,Kumar,Female,2002-03-23T00:00:00.000Z,kabir.kumar264@example.com,Ahmedabad,2024-05-23T00:00:00.000Z
265,Diya,Chopra,Female,2001-06-20T00:00:00.000Z,diya.chopra265@example.com,Pune,2024-08-26T00:00:00.000Z
266,Anaya,Sharma,Female,1996-01-21T00:00:00.000Z,anaya.sharma266@example.com,Hyderabad,2023-05-05T00:00:00.000Z
267,Aditya,Patel,Female,2003-08-17T00:00:00.000Z,aditya.patel267@example.com,Chennai,2022-04-20T00:00:00.000Z
268,Aditya,Nair,Female,1998-12-25T00:00:00.000Z,aditya.nair268@example.com,Kolkata,2022-04-05T00:00:00.000Z
269,Anaya,Reddy,Male,2004-04-29T00:00:00.000Z,anaya.reddy269@example.com,Chennai,2022-08-28T00:00:00.000Z
270,Kabir,Reddy,Male,1995-01-25T00:00:00.000Z,kabir.reddy270@example.com,Pune,2022-12-25T00:00:00.000Z
271,Aditya,Yadav,Female,2000-03-18T00:00:00.000Z,aditya.yadav271@example.com,Kolkata,2023-03-26T00:00:00.000Z
272,Tara,Sharma,Male,2000-09-14T00:00:00.000Z,tara.sharma272@example.com,Mumbai,2024-04-19T00:00:00.000Z
273,Aditya,Singh,Female,1999-03-16T00:00:00.000Z,aditya.singh273@example.com,Mumbai,2023-05-12T00:00:00.000Z
274,Riya,Sharma,Male,2005-03-29T00:00:00.000Z,riya.sharma274@example.com,Hyderabad,2023-10-29T00:00:00.000Z
275,Ishaan,Yadav,Female,1997-12-12T00:00:00.000Z,ishaan.yadav275@example.com,Pune,2024-12-01T00:00:00.000Z
276,Vivaan,Gupta,Male,2000-03-30T00:00:00.000Z,vivaan.gupta276@example.com,Chennai,2024-08-12T00:00:00.000Z
277,Diya,Patel,Male,2001-08-09T00:00:00.000Z,diya.patel277@example.com,Pune,2024-04-14T00:00:00.000Z
278,Kabir,Yadav,Female,2002-02-20T00:00:00.000Z,kabir.yadav278@example.com,Ahmedabad,2023-11-06T00:00:00.000Z
279,Ishaan,Verma,Male,2000-12-02T00:00:00.000Z,ishaan.verma279@example.com,Chennai,2024-01-04T00:00:00.000Z
280,Anaya,Patel,Male,2003-04-08T00:00:00.000Z,anaya.patel280@example.com,Delhi,2022-08-28T00:00:00.000Z
281,Anaya,Kumar,Male,2004-08-28T00:00:00.000Z,anaya.kumar281@example.com,Mumbai,2024-08-19T00:00:00.000Z
282,Tara,Gupta,Female,1996-01-16T00:00:00.000Z,tara.gupta282@example.com,Chennai,2024-06-14T00:00:00.000Z
283,Saanvi,Gupta,Female,2000-10-15T00:00:00.000Z,saanvi.gupta283@example.com,Chennai,2024-12-02T00:00:00.000Z
284,Aditya,Kumar,Female,1995-04-27T00:00:00.000Z,aditya.kumar284@example.com,Delhi,2023-07-27T00:00:00.000Z
285,Anaya,Yadav,Male,2005-06-08T00:00:00.000Z,anaya.yadav285@example.com,Mumbai,2022-04-27T00:00:00.000Z
286,Anaya,Patel,Male,2004-11-04T00:00:00.000Z,anaya.patel286@example.com,Pune,2023-08-30T00:00:00.000Z
287,Diya,Verma,Male,1998-09-07T00:00:00.000Z,diya.verma287@example.com,Chennai,2023-10-27T00:00:00.000Z
288,Riya,Verma,Male,2000-12-18T00:00:00.000Z,riya.verma288@example.com,Mumbai,2022-02-08T00:00:00.000Z
289,Kabir,Chopra,Female,1997-01-09T00:00:00.000Z,kabir.chopra289@example.com,Chennai,2022-03-23T00:00:00.000Z
290,Anaya,Verma,Female,2000-02-07T00:00:00.000Z,anaya.verma290@example.com,Mumbai,2022-05-27T00:00:00.000Z
291,Aditya,Chopra,Female,2001-07-14T00:00:00.000Z,aditya.chopra291@example.com,Chennai,2023-11-01T00:00:00.000Z
292,Tara,Kumar,Male,2003-07-24T00:00:00.000Z,tara.kumar292@example.com,Kolkata,2024-12-08T00:00:00.000Z
293,Ishaan,Singh,Female,1995-08-04T00:00:00.000Z,ishaan.singh293@example.com,Chennai,2022-10-08T00:00:00.000Z
294,Tara,Singh,Male,1995-11-02T00:00:00.000Z,tara.singh294@example.com,Kolkata,2024-05-17T00:00:00.000Z
295,Riya,Nair,Male,2003-10-19T00:00:00.000Z,riya.nair295@example.com,Pune,2023-11-21T00:00:00.000Z
296,Saanvi,Chopra,Female,2001-05-13T00:00:00.000Z,saanvi.chopra296@example.com,Bengaluru,2022-08-05T00:00:00.000Z
297,Diya,Yadav,Male,2001-11-02T00:00:00.000Z,diya.yadav297@example.com,Chennai,2024-06-04T00:00:00.000Z
298,Diya,Reddy,Female,2004-04-11T00:00:00.000Z,diya.reddy298@example.com,Kolkata,2024-10-17T00:00:00.000Z
299,Aditya,Sharma,Female,2005-09-06T00:00:00.000Z,aditya.sharma299@example.com,Kolkata,2023-05-09T00:00:00.000Z
300,Aditya,Patel,Female,2000-08-29T00:00:00.000Z,aditya.patel300@example.com,Kolkata,2024-06-19T00:00:00.000Z
